id;primeiro_nome;sobrenome;email;idade
1;Seychelles;model granular;Bernardo78@hotmail.com;71221
2;withdrawal Avenida coral;GB Alagoas;Rafael_Martins11@hotmail.com;33950
3;Avenida Holanda;Forward Carro quantify;Alcia80@bol.com.br;90465
4;Inverse Optional;Impressionante metrics;Guilherme_Albuquerque92@live.com;25797
5;ametista markets interfaces;Mobility application Guiana;Alcia_Pereira53@bol.com.br;41236
6;Dollar;installation;Fabrcia65@live.com;97300
7;Home;Account core Integration;MariaCeclia.Nogueira@live.com;38678
8;pixel;Rua;Antnio.Costa@yahoo.com;23385
9;synthesizing;Borders Account laranja;Gabriel.Xavier@hotmail.com;36193
10;deliver connecting Fresco;invoice;Emanuel.Barros@bol.com.br;87194
